[{"model": "admin.logentry", "pk": 1, "fields": {"action_time": "2025-05-04T20:17:31.170Z", "user": 1, "content_type": 13, "object_id": "2", "object_repr": "Михаил Чичурин", "action_flag": 2, "change_message": "[{\"changed\": {\"fields\": [\"\\u0422\\u0438\\u043f \\u043e\\u0440\\u0433\\u0430\\u043d\\u0438\\u0437\\u0430\\u0446\\u0438\\u0438\", \"\\u0421\\u0442\\u0430\\u0442\\u0443\\u0441 \\u043f\\u043e\\u0434\\u0442\\u0432\\u0435\\u0440\\u0436\\u0434\\u0435\\u043d\\u0438\\u044f\"]}}]"}}, {"model": "admin.logentry", "pk": 2, "fields": {"action_time": "2025-05-04T20:17:44.328Z", "user": 1, "content_type": 13, "object_id": "3", "object_repr": "Вадим Флипчартович", "action_flag": 2, "change_message": "[{\"changed\": {\"fields\": [\"\\u0422\\u0438\\u043f \\u043e\\u0440\\u0433\\u0430\\u043d\\u0438\\u0437\\u0430\\u0446\\u0438\\u0438\", \"\\u0421\\u0442\\u0430\\u0442\\u0443\\u0441 \\u043f\\u043e\\u0434\\u0442\\u0432\\u0435\\u0440\\u0436\\u0434\\u0435\\u043d\\u0438\\u044f\"]}}]"}}, {"model": "admin.logentry", "pk": 3, "fields": {"action_time": "2025-05-04T20:17:57.083Z", "user": 1, "content_type": 16, "object_id": "1", "object_repr": "kseniyo.ilicheva7@gmail.com", "action_flag": 2, "change_message": "[{\"changed\": {\"fields\": [\"\\u0421\\u0442\\u0430\\u0442\\u0443\\u0441\"]}}]"}}, {"model": "admin.logentry", "pk": 4, "fields": {"action_time": "2025-05-04T20:32:36.707Z", "user": 1, "content_type": 13, "object_id": "2", "object_repr": "Михаил Чичурин", "action_flag": 2, "change_message": "[{\"changed\": {\"fields\": [\"\\u0421\\u0442\\u0430\\u0442\\u0443\\u0441 \\u043f\\u043e\\u0434\\u0442\\u0432\\u0435\\u0440\\u0436\\u0434\\u0435\\u043d\\u0438\\u044f\"]}}]"}}, {"model": "admin.logentry", "pk": 5, "fields": {"action_time": "2025-05-04T20:36:21.954Z", "user": 1, "content_type": 13, "object_id": "2", "object_repr": "Михаил Чичурин", "action_flag": 2, "change_message": "[{\"changed\": {\"fields\": [\"\\u0422\\u0438\\u043f \\u043e\\u0440\\u0433\\u0430\\u043d\\u0438\\u0437\\u0430\\u0446\\u0438\\u0438\", \"\\u0421\\u0442\\u0430\\u0442\\u0443\\u0441 \\u043f\\u043e\\u0434\\u0442\\u0432\\u0435\\u0440\\u0436\\u0434\\u0435\\u043d\\u0438\\u044f\"]}}]"}}, {"model": "admin.logentry", "pk": 6, "fields": {"action_time": "2025-05-04T20:36:30.038Z", "user": 1, "content_type": 13, "object_id": "3", "object_repr": "Вадим Флипчартович", "action_flag": 2, "change_message": "[{\"changed\": {\"fields\": [\"\\u0422\\u0438\\u043f \\u043e\\u0440\\u0433\\u0430\\u043d\\u0438\\u0437\\u0430\\u0446\\u0438\\u0438\", \"\\u0421\\u0442\\u0430\\u0442\\u0443\\u0441 \\u043f\\u043e\\u0434\\u0442\\u0432\\u0435\\u0440\\u0436\\u0434\\u0435\\u043d\\u0438\\u044f\"]}}]"}}, {"model": "admin.logentry", "pk": 7, "fields": {"action_time": "2025-05-04T20:36:41.919Z", "user": 1, "content_type": 16, "object_id": "1", "object_repr": "kseniyo.ilicheva7@gmail.com", "action_flag": 2, "change_message": "[{\"changed\": {\"fields\": [\"\\u0421\\u0442\\u0430\\u0442\\u0443\\u0441\"]}}]"}}, {"model": "admin.logentry", "pk": 8, "fields": {"action_time": "2025-05-04T20:46:51.924Z", "user": 1, "content_type": 13, "object_id": "3", "object_repr": "Вадим Флипчартович", "action_flag": 2, "change_message": "[{\"changed\": {\"fields\": [\"\\u0421\\u0442\\u0430\\u0442\\u0443\\u0441 \\u043f\\u043e\\u0434\\u0442\\u0432\\u0435\\u0440\\u0436\\u0434\\u0435\\u043d\\u0438\\u044f\"]}}]"}}, {"model": "admin.logentry", "pk": 9, "fields": {"action_time": "2025-05-16T09:46:18.028Z", "user": 1, "content_type": 4, "object_id": "12", "object_repr": "botyara2", "action_flag": 3, "change_message": ""}}, {"model": "admin.logentry", "pk": 10, "fields": {"action_time": "2025-05-16T09:46:22.588Z", "user": 1, "content_type": 4, "object_id": "13", "object_repr": "botyara3", "action_flag": 3, "change_message": ""}}, {"model": "admin.logentry", "pk": 11, "fields": {"action_time": "2025-05-16T09:50:24.002Z", "user": 1, "content_type": 13, "object_id": "4", "object_repr": "Александр Андрианов ПАО \"ФСК ЕЭС\"", "action_flag": 1, "change_message": "[{\"added\": {}}]"}}, {"model": "admin.logentry", "pk": 12, "fields": {"action_time": "2025-05-16T09:53:36.888Z", "user": 1, "content_type": 13, "object_id": "5", "object_repr": "Александр Андрианов ПАО \"ФСК ЕЭС\"", "action_flag": 1, "change_message": "[{\"added\": {}}]"}}, {"model": "admin.logentry", "pk": 13, "fields": {"action_time": "2025-05-18T09:58:55.992Z", "user": 1, "content_type": 13, "object_id": "2", "object_repr": "Михаил Чичурин ПАО \"МРСК Центра и Приволжья\"", "action_flag": 2, "change_message": "[]"}}, {"model": "admin.logentry", "pk": 14, "fields": {"action_time": "2026-05-31T00:24:06.702Z", "user": 1, "content_type": 20, "object_id": "1", "object_repr": "2026-05-31 00:24:06.701577+00:00 - Опора 2", "action_flag": 1, "change_message": "[{\"added\": {}}]"}}, {"model": "admin.logentry", "pk": 15, "fields": {"action_time": "2026-06-18T18:13:01.787Z", "user": 1, "content_type": 13, "object_id": "6", "object_repr": "Иван Балашов ПАО \"МТС\"", "action_flag": 2, "change_message": "[{\"changed\": {\"fields\": [\"\\u0421\\u0442\\u0430\\u0442\\u0443\\u0441 \\u043f\\u043e\\u0434\\u0442\\u0432\\u0435\\u0440\\u0436\\u0434\\u0435\\u043d\\u0438\\u044f\"]}}]"}}, {"model": "admin.logentry", "pk": 16, "fields": {"action_time": "2026-06-18T18:13:13.618Z", "user": 1, "content_type": 13, "object_id": "7", "object_repr": "oleg oleg ПАО \"МТС\"", "action_flag": 2, "change_message": "[{\"changed\": {\"fields\": [\"\\u0422\\u0438\\u043f \\u043e\\u0440\\u0433\\u0430\\u043d\\u0438\\u0437\\u0430\\u0446\\u0438\\u0438\", \"\\u0421\\u0442\\u0430\\u0442\\u0443\\u0441 \\u043f\\u043e\\u0434\\u0442\\u0432\\u0435\\u0440\\u0436\\u0434\\u0435\\u043d\\u0438\\u044f\"]}}]"}}, {"model": "admin.logentry", "pk": 17, "fields": {"action_time": "2026-06-18T18:14:35.870Z", "user": 1, "content_type": 13, "object_id": "6", "object_repr": "Иван Балашов ПАО \"МТС\"", "action_flag": 2, "change_message": "[{\"changed\": {\"fields\": [\"\\u0421\\u0442\\u0430\\u0442\\u0443\\u0441 \\u043f\\u043e\\u0434\\u0442\\u0432\\u0435\\u0440\\u0436\\u0434\\u0435\\u043d\\u0438\\u044f\"]}}]"}}, {"model": "auth.permission", "pk": 1, "fields": {"name": "Can add log entry", "content_type": 1, "codename": "add_logentry"}}, {"model": "auth.permission", "pk": 2, "fields": {"name": "Can change log entry", "content_type": 1, "codename": "change_logentry"}}, {"model": "auth.permission", "pk": 3, "fields": {"name": "Can delete log entry", "content_type": 1, "codename": "delete_logentry"}}, {"model": "auth.permission", "pk": 4, "fields": {"name": "Can view log entry", "content_type": 1, "codename": "view_logentry"}}, {"model": "auth.permission", "pk": 5, "fields": {"name": "Can add permission", "content_type": 2, "codename": "add_permission"}}, {"model": "auth.permission", "pk": 6, "fields": {"name": "Can change permission", "content_type": 2, "codename": "change_permission"}}, {"model": "auth.permission", "pk": 7, "fields": {"name": "Can delete permission", "content_type": 2, "codename": "delete_permission"}}, {"model": "auth.permission", "pk": 8, "fields": {"name": "Can view permission", "content_type": 2, "codename": "view_permission"}}, {"model": "auth.permission", "pk": 9, "fields": {"name": "Can add group", "content_type": 3, "codename": "add_group"}}, {"model": "auth.permission", "pk": 10, "fields": {"name": "Can change group", "content_type": 3, "codename": "change_group"}}, {"model": "auth.permission", "pk": 11, "fields": {"name": "Can delete group", "content_type": 3, "codename": "delete_group"}}, {"model": "auth.permission", "pk": 12, "fields": {"name": "Can view group", "content_type": 3, "codename": "view_group"}}, {"model": "auth.permission", "pk": 13, "fields": {"name": "Can add user", "content_type": 4, "codename": "add_user"}}, {"model": "auth.permission", "pk": 14, "fields": {"name": "Can change user", "content_type": 4, "codename": "change_user"}}, {"model": "auth.permission", "pk": 15, "fields": {"name": "Can delete user", "content_type": 4, "codename": "delete_user"}}, {"model": "auth.permission", "pk": 16, "fields": {"name": "Can view user", "content_type": 4, "codename": "view_user"}}, {"model": "auth.permission", "pk": 17, "fields": {"name": "Can add content type", "content_type": 5, "codename": "add_contenttype"}}, {"model": "auth.permission", "pk": 18, "fields": {"name": "Can change content type", "content_type": 5, "codename": "change_contenttype"}}, {"model": "auth.permission", "pk": 19, "fields": {"name": "Can delete content type", "content_type": 5, "codename": "delete_contenttype"}}, {"model": "auth.permission", "pk": 20, "fields": {"name": "Can view content type", "content_type": 5, "codename": "view_contenttype"}}, {"model": "auth.permission", "pk": 21, "fields": {"name": "Can add session", "content_type": 6, "codename": "add_session"}}, {"model": "auth.permission", "pk": 22, "fields": {"name": "Can change session", "content_type": 6, "codename": "change_session"}}, {"model": "auth.permission", "pk": 23, "fields": {"name": "Can delete session", "content_type": 6, "codename": "delete_session"}}, {"model": "auth.permission", "pk": 24, "fields": {"name": "Can view session", "content_type": 6, "codename": "view_session"}}, {"model": "auth.permission", "pk": 25, "fields": {"name": "Can add connection links", "content_type": 7, "codename": "add_connectionlinks"}}, {"model": "auth.permission", "pk": 26, "fields": {"name": "Can change connection links", "content_type": 7, "codename": "change_connectionlinks"}}, {"model": "auth.permission", "pk": 27, "fields": {"name": "Can delete connection links", "content_type": 7, "codename": "delete_connectionlinks"}}, {"model": "auth.permission", "pk": 28, "fields": {"name": "Can view connection links", "content_type": 7, "codename": "view_connectionlinks"}}, {"model": "auth.permission", "pk": 29, "fields": {"name": "Can add organization", "content_type": 8, "codename": "add_organization"}}, {"model": "auth.permission", "pk": 30, "fields": {"name": "Can change organization", "content_type": 8, "codename": "change_organization"}}, {"model": "auth.permission", "pk": 31, "fields": {"name": "Can delete organization", "content_type": 8, "codename": "delete_organization"}}, {"model": "auth.permission", "pk": 32, "fields": {"name": "Can view organization", "content_type": 8, "codename": "view_organization"}}, {"model": "auth.permission", "pk": 33, "fields": {"name": "Can add pole", "content_type": 9, "codename": "add_pole"}}, {"model": "auth.permission", "pk": 34, "fields": {"name": "Can change pole", "content_type": 9, "codename": "change_pole"}}, {"model": "auth.permission", "pk": 35, "fields": {"name": "Can delete pole", "content_type": 9, "codename": "delete_pole"}}, {"model": "auth.permission", "pk": 36, "fields": {"name": "Can view pole", "content_type": 9, "codename": "view_pole"}}, {"model": "auth.permission", "pk": 37, "fields": {"name": "Can add connection", "content_type": 10, "codename": "add_connection"}}, {"model": "auth.permission", "pk": 38, "fields": {"name": "Can change connection", "content_type": 10, "codename": "change_connection"}}, {"model": "auth.permission", "pk": 39, "fields": {"name": "Can delete connection", "content_type": 10, "codename": "delete_connection"}}, {"model": "auth.permission", "pk": 40, "fields": {"name": "Can view connection", "content_type": 10, "codename": "view_connection"}}, {"model": "auth.permission", "pk": 41, "fields": {"name": "Can add pole link", "content_type": 11, "codename": "add_polelink"}}, {"model": "auth.permission", "pk": 42, "fields": {"name": "Can change pole link", "content_type": 11, "codename": "change_polelink"}}, {"model": "auth.permission", "pk": 43, "fields": {"name": "Can delete pole link", "content_type": 11, "codename": "delete_polelink"}}, {"model": "auth.permission", "pk": 44, "fields": {"name": "Can view pole link", "content_type": 11, "codename": "view_polelink"}}, {"model": "auth.permission", "pk": 45, "fields": {"name": "Can add status", "content_type": 12, "codename": "add_status"}}, {"model": "auth.permission", "pk": 46, "fields": {"name": "Can change status", "content_type": 12, "codename": "change_status"}}, {"model": "auth.permission", "pk": 47, "fields": {"name": "Can delete status", "content_type": 12, "codename": "delete_status"}}, {"model": "auth.permission", "pk": 48, "fields": {"name": "Can view status", "content_type": 12, "codename": "view_status"}}, {"model": "auth.permission", "pk": 49, "fields": {"name": "Can add user information", "content_type": 13, "codename": "add_userinformation"}}, {"model": "auth.permission", "pk": 50, "fields": {"name": "Can change user information", "content_type": 13, "codename": "change_userinformation"}}, {"model": "auth.permission", "pk": 51, "fields": {"name": "Can delete user information", "content_type": 13, "codename": "delete_userinformation"}}, {"model": "auth.permission", "pk": 52, "fields": {"name": "Can view user information", "content_type": 13, "codename": "view_userinformation"}}, {"model": "auth.permission", "pk": 53, "fields": {"name": "Can add connection history", "content_type": 14, "codename": "add_connectionhistory"}}, {"model": "auth.permission", "pk": 54, "fields": {"name": "Can change connection history", "content_type": 14, "codename": "change_connectionhistory"}}, {"model": "auth.permission", "pk": 55, "fields": {"name": "Can delete connection history", "content_type": 14, "codename": "delete_connectionhistory"}}, {"model": "auth.permission", "pk": 56, "fields": {"name": "Can view connection history", "content_type": 14, "codename": "view_connectionhistory"}}, {"model": "auth.permission", "pk": 57, "fields": {"name": "Can add contacts", "content_type": 15, "codename": "add_contacts"}}, {"model": "auth.permission", "pk": 58, "fields": {"name": "Can change contacts", "content_type": 15, "codename": "change_contacts"}}, {"model": "auth.permission", "pk": 59, "fields": {"name": "Can delete contacts", "content_type": 15, "codename": "delete_contacts"}}, {"model": "auth.permission", "pk": 60, "fields": {"name": "Can view contacts", "content_type": 15, "codename": "view_contacts"}}, {"model": "auth.permission", "pk": 61, "fields": {"name": "Can add restoration request", "content_type": 16, "codename": "add_restorationrequest"}}, {"model": "auth.permission", "pk": 62, "fields": {"name": "Can change restoration request", "content_type": 16, "codename": "change_restorationrequest"}}, {"model": "auth.permission", "pk": 63, "fields": {"name": "Can delete restoration request", "content_type": 16, "codename": "delete_restorationrequest"}}, {"model": "auth.permission", "pk": 64, "fields": {"name": "Can view restoration request", "content_type": 16, "codename": "view_restorationrequest"}}, {"model": "auth.permission", "pk": 65, "fields": {"name": "Can add Token", "content_type": 17, "codename": "add_token"}}, {"model": "auth.permission", "pk": 66, "fields": {"name": "Can change Token", "content_type": 17, "codename": "change_token"}}, {"model": "auth.permission", "pk": 67, "fields": {"name": "Can delete Token", "content_type": 17, "codename": "delete_token"}}, {"model": "auth.permission", "pk": 68, "fields": {"name": "Can view Token", "content_type": 17, "codename": "view_token"}}, {"model": "auth.permission", "pk": 69, "fields": {"name": "Can add Token", "content_type": 18, "codename": "add_tokenproxy"}}, {"model": "auth.permission", "pk": 70, "fields": {"name": "Can change Token", "content_type": 18, "codename": "change_tokenproxy"}}, {"model": "auth.permission", "pk": 71, "fields": {"name": "Can delete Token", "content_type": 18, "codename": "delete_tokenproxy"}}, {"model": "auth.permission", "pk": 72, "fields": {"name": "Can view Token", "content_type": 18, "codename": "view_tokenproxy"}}, {"model": "auth.permission", "pk": 73, "fields": {"name": "Can add Сообщение в поддержку", "content_type": 19, "codename": "add_supportmessage"}}, {"model": "auth.permission", "pk": 74, "fields": {"name": "Can change Сообщение в поддержку", "content_type": 19, "codename": "change_supportmessage"}}, {"model": "auth.permission", "pk": 75, "fields": {"name": "Can delete Сообщение в поддержку", "content_type": 19, "codename": "delete_supportmessage"}}, {"model": "auth.permission", "pk": 76, "fields": {"name": "Can view Сообщение в поддержку", "content_type": 19, "codename": "view_supportmessage"}}, {"model": "auth.permission", "pk": 77, "fields": {"name": "Can add Сообщение администратора по опоре", "content_type": 20, "codename": "add_adminpolemessage"}}, {"model": "auth.permission", "pk": 78, "fields": {"name": "Can change Сообщение администратора по опоре", "content_type": 20, "codename": "change_adminpolemessage"}}, {"model": "auth.permission", "pk": 79, "fields": {"name": "Can delete Сообщение администратора по опоре", "content_type": 20, "codename": "delete_adminpolemessage"}}, {"model": "auth.permission", "pk": 80, "fields": {"name": "Can view Сообщение администратора по опоре", "content_type": 20, "codename": "view_adminpolemessage"}}, {"model": "auth.user", "pk": 1, "fields": {"password": "pbkdf2_sha256$1000000$SDiFdDgdZ7DhsuMGuMlaUw$Am6zBe2+fe/5J0FMh2oVDuoJCCzCubiLNyVpn2JGY2U=", "last_login": "2026-06-18T15:16:12.419Z", "is_superuser": true, "username": "ksixxa", "first_name": "", "last_name": "", "email": "kseniyo.ilicheva7@gmail.com", "is_staff": true, "is_active": true, "date_joined": "2025-04-28T19:01:57.906Z", "groups": [], "user_permissions": []}}, {"model": "auth.user", "pk": 2, "fields": {"password": "pbkdf2_sha256$1000000$RM7J8fs7WZctvka21gyIOU$gqubj5mD0h8Vkg12yNkbDxZnrS3puCL2V0SL15iRYlg=", "last_login": "2026-06-18T18:13:43.919Z", "is_superuser": false, "username": "r1taz", "first_name": "", "last_name": "", "email": "", "is_staff": false, "is_active": true, "date_joined": "2025-04-28T20:27:45.509Z", "groups": [], "user_permissions": []}}, {"model": "auth.user", "pk": 3, "fields": {"password": "pbkdf2_sha256$1000000$mx2Io5epXdmoIxo1j10y5q$ZqFB8x3pdTCkceMugubwDif5kPpmsjUAp0yccNd4HYA=", "last_login": "2026-06-18T18:16:10.277Z", "is_superuser": false, "username": "vadim", "first_name": "", "last_name": "", "email": "xicucer@example.com", "is_staff": false, "is_active": true, "date_joined": "2025-04-29T22:01:32.956Z", "groups": [], "user_permissions": []}}, {"model": "auth.user", "pk": 4, "fields": {"password": "pbkdf2_sha256$1000000$dyJkWRx22vfoomAe7HFtwF$Y2VEdiwuHaAlers1AfYeYVRhQpDLJg1RR2WVvd1HwGs=", "last_login": "2025-05-13T13:28:12.685Z", "is_superuser": false, "username": "pididi", "first_name": "", "last_name": "", "email": "pddpdp@gmail.com", "is_staff": false, "is_active": true, "date_joined": "2025-05-13T12:22:58.978Z", "groups": [], "user_permissions": []}}, {"model": "auth.user", "pk": 14, "fields": {"password": "pbkdf2_sha256$1000000$5sD8WplnqYETuX9pawMo3R$svvQO/cJD4HhpO1TXNlw+tsocN1F+DOBUyMazn/wuMo=", "last_login": "2025-05-17T09:47:47.809Z", "is_superuser": false, "username": "iddqd", "first_name": "", "last_name": "", "email": "iddqd@gmail.com", "is_staff": false, "is_active": true, "date_joined": "2025-05-15T16:08:19.188Z", "groups": [], "user_permissions": []}}, {"model": "auth.user", "pk": 15, "fields": {"password": "pbkdf2_sha256$1000000$txbfZWg4xn020jqFm2Xl9T$EfeJOIlZmJAX6wfEfXgdCfWDOEetuS6yAj0p3pjLWLQ=", "last_login": "2026-06-18T16:39:44.796Z", "is_superuser": false, "username": "romaha", "first_name": "", "last_name": "", "email": "pepa@gmail.com", "is_staff": false, "is_active": true, "date_joined": "2025-05-18T10:06:14.541Z", "groups": [], "user_permissions": []}}, {"model": "auth.user", "pk": 16, "fields": {"password": "pbkdf2_sha256$1000000$mG4u0kn70pTPMbQE2xzxR7$XaTKR/R0mGuQT3pfkbV9qGdlKV499CfKNeJIh0tXB3A=", "last_login": "2026-06-18T16:42:32.809Z", "is_superuser": false, "username": "test", "first_name": "", "last_name": "", "email": "pepa@gmail.com", "is_staff": false, "is_active": true, "date_joined": "2025-05-18T10:08:51.826Z", "groups": [], "user_permissions": []}}, {"model": "auth.user", "pk": 17, "fields": {"password": "pbkdf2_sha256$1000000$lVHIibmLC8tskKq1HqI29h$JIFZ2/A3crcmM9uXoajutXqTHnfniFqZ3hnAOXjnsko=", "last_login": null, "is_superuser": false, "username": "root", "first_name": "", "last_name": "", "email": "dfdfd@yandex.ru", "is_staff": false, "is_active": true, "date_joined": "2025-05-18T19:49:57.554Z", "groups": [], "user_permissions": []}}, {"model": "auth.user", "pk": 18, "fields": {"password": "pbkdf2_sha256$1000000$JTuqpNxTS7LpeA1xwzwcEh$duCiZscdiJWyryF8hMfsvFWgu+z4dmZspWrWP5BwR/o=", "last_login": "2026-06-18T18:14:49.694Z", "is_superuser": false, "username": "root1", "first_name": "", "last_name": "", "email": "obama@yandex.ru", "is_staff": false, "is_active": true, "date_joined": "2025-05-18T19:53:14.112Z", "groups": [], "user_permissions": []}}, {"model": "auth.user", "pk": 19, "fields": {"password": "pbkdf2_sha256$1000000$yLlnBHnW2XgIocetnXbJLB$FgbbsfYQuOaN3X2wtVh3vazCfHQpDKU4stPOvSmXNyY=", "last_login": null, "is_superuser": false, "username": "pepe", "first_name": "", "last_name": "", "email": "", "is_staff": false, "is_active": true, "date_joined": "2025-06-25T23:50:38.357Z", "groups": [], "user_permissions": []}}, {"model": "contenttypes.contenttype", "pk": 1, "fields": {"app_label": "admin", "model": "logentry"}}, {"model": "contenttypes.contenttype", "pk": 2, "fields": {"app_label": "auth", "model": "permission"}}, {"model": "contenttypes.contenttype", "pk": 3, "fields": {"app_label": "auth", "model": "group"}}, {"model": "contenttypes.contenttype", "pk": 4, "fields": {"app_label": "auth", "model": "user"}}, {"model": "contenttypes.contenttype", "pk": 5, "fields": {"app_label": "contenttypes", "model": "contenttype"}}, {"model": "contenttypes.contenttype", "pk": 6, "fields": {"app_label": "sessions", "model": "session"}}, {"model": "contenttypes.contenttype", "pk": 7, "fields": {"app_label": "connect_hub", "model": "connectionlinks"}}, {"model": "contenttypes.contenttype", "pk": 8, "fields": {"app_label": "connect_hub", "model": "organization"}}, {"model": "contenttypes.contenttype", "pk": 9, "fields": {"app_label": "connect_hub", "model": "pole"}}, {"model": "contenttypes.contenttype", "pk": 10, "fields": {"app_label": "connect_hub", "model": "connection"}}, {"model": "contenttypes.contenttype", "pk": 11, "fields": {"app_label": "connect_hub", "model": "polelink"}}, {"model": "contenttypes.contenttype", "pk": 12, "fields": {"app_label": "connect_hub", "model": "status"}}, {"model": "contenttypes.contenttype", "pk": 13, "fields": {"app_label": "connect_hub", "model": "userinformation"}}, {"model": "contenttypes.contenttype", "pk": 14, "fields": {"app_label": "connect_hub", "model": "connectionhistory"}}, {"model": "contenttypes.contenttype", "pk": 15, "fields": {"app_label": "connect_hub", "model": "contacts"}}, {"model": "contenttypes.contenttype", "pk": 16, "fields": {"app_label": "connect_hub", "model": "restorationrequest"}}, {"model": "contenttypes.contenttype", "pk": 17, "fields": {"app_label": "authtoken", "model": "token"}}, {"model": "contenttypes.contenttype", "pk": 18, "fields": {"app_label": "authtoken", "model": "tokenproxy"}}, {"model": "contenttypes.contenttype", "pk": 19, "fields": {"app_label": "connect_hub", "model": "supportmessage"}}, {"model": "contenttypes.contenttype", "pk": 20, "fields": {"app_label": "connect_hub", "model": "adminpolemessage"}}, {"model": "sessions.session", "pk": "1x0rt9r4t9q19l2zhln5nsf0ebmtaxgq", "fields": {"session_data": ".eJxVjDsOwjAQBe_iGlnrfMiakj5niPZnEkCOFCcV4u4QKQW0b2beyw20reOwFVuGSd3FBXf63ZjkYXkHeqd8m73MeV0m9rviD1p8P6s9r4f7dzBSGb91TGqkiElZmoYtaoUo1kFINShSGyKkWANLYoTOIkQ0kPbcsola5d4fF9Q5Bg:1uAvR9:Okm4HNmntN_y0qNh9XS00r2WnNtZx00g7XG3YSvqIS0", "expire_date": "2025-05-16T18:48:39.504Z"}}, {"model": "sessions.session", "pk": "3l8hd81ylvnc5tk5zx4yk991rla0g0wn", "fields": {"session_data": ".eJxVjDsOwjAQBe_iGlnrfMiakj5niPZnEkCOFCcV4u4QKQW0b2beyw20reOwFVuGSd3FBXf63ZjkYXkHeqd8m73MeV0m9rviD1p8P6s9r4f7dzBSGb91TGqkiElZmoYtaoUo1kFINShSGyKkWANLYoTOIkQ0kPbcsola5d4fF9Q5Bg:1uEnpV:hvWFplDEC266EKC4bWNnWVCa--cbFIR-Ay0P1-yBwgo", "expire_date": "2025-05-27T11:29:49.072Z"}}, {"model": "sessions.session", "pk": "9ud495lcynwg9sgzpziqqj6i87glj3t6", "fields": {"session_data": ".eJxVjDsOwjAQBe_iGlnrfMiakj5niPZnEkCOFCcV4u4QKQW0b2beyw20reOwFVuGSd3FBXf63ZjkYXkHeqd8m73MeV0m9rviD1p8P6s9r4f7dzBSGb91TGqkiElZmoYtaoUo1kFINShSGyKkWANLYoTOIkQ0kPbcsola5d4fF9Q5Bg:1uGk1Z:y3MdtHu_CLpgbh3HfozJZO4OYAIscYCkqdvx00FyBm4", "expire_date": "2025-06-01T19:50:17.136Z"}}, {"model": "sessions.session", "pk": "c6pxwxm6xgylhiii4tjjpvsac6ltquw9", "fields": {"session_data": ".eJxVjDsOwjAQBe_iGlnrfMiakj5niPZnEkCOFCcV4u4QKQW0b2beyw20reOwFVuGSd3FBXf63ZjkYXkHeqd8m73MeV0m9rviD1p8P6s9r4f7dzBSGb91TGqkiElZmoYtaoUo1kFINShSGyKkWANLYoTOIkQ0kPbcsola5d4fF9Q5Bg:1wTKG0:7PQYsgGuFri22d_D6xahMALXAIpRGk-OirtadAeVghU", "expire_date": "2026-06-13T14:01:44.783Z"}}, {"model": "sessions.session", "pk": "d4gmbjt25afd0ba12ndp5c0psj3bzcwr", "fields": {"session_data": ".eJxVjDsOwjAQBe_iGlnrfMiakj5niPZnEkCOFCcV4u4QKQW0b2beyw20reOwFVuGSd3FBXf63ZjkYXkHeqd8m73MeV0m9rviD1p8P6s9r4f7dzBSGb91TGqkiElZmoYtaoUo1kFINShSGyKkWANLYoTOIkQ0kPbcsola5d4fF9Q5Bg:1uGal4:7f1OtMcLan7x0mw1eT1Eu0cidqfbvHdS-ScoqQAQPpg", "expire_date": "2025-06-01T09:56:38.818Z"}}, {"model": "sessions.session", "pk": "e2xqjp037oabgqk1clq9v46xr1gl6omd", "fields": {"session_data": ".eJxVjDsOwjAQBe_iGlnrfMiakj5niPZnEkCOFCcV4u4QKQW0b2beyw20reOwFVuGSd3FBXf63ZjkYXkHeqd8m73MeV0m9rviD1p8P6s9r4f7dzBSGb91TGqkiElZmoYtaoUo1kFINShSGyKkWANLYoTOIkQ0kPbcsola5d4fF9Q5Bg:1uGne6:yaAtIb_Q74vijIF7z_fWBqwoe_cXkQaahTma1grVjio", "expire_date": "2025-06-01T23:42:18.229Z"}}, {"model": "sessions.session", "pk": "jk75j8suynfvm4qft1lfjm2uv20s2otr", "fields": {"session_data": ".eJxVjDsOwjAQBe_iGlnrfMiakj5niPZnEkCOFCcV4u4QKQW0b2beyw20reOwFVuGSd3FBXf63ZjkYXkHeqd8m73MeV0m9rviD1p8P6s9r4f7dzBSGb91TGqkiElZmoYtaoUo1kFINShSGyKkWANLYoTOIkQ0kPbcsola5d4fF9Q5Bg:1uEEqo:KQ5kCBhs1AW4-hxojMt2bF0eeGU_5z-hazS3z-iZvxc", "expire_date": "2025-05-25T22:08:50.965Z"}}, {"model": "sessions.session", "pk": "lkgt440so885jkpraw53hlulo0mvrbqp", "fields": {"session_data": ".eJxVjDsOwjAQBe_iGlnrfMiakj5niPZnEkCOFCcV4u4QKQW0b2beyw20reOwFVuGSd3FBXf63ZjkYXkHeqd8m73MeV0m9rviD1p8P6s9r4f7dzBSGb91TGqkiElZmoYtaoUo1kFINShSGyKkWANLYoTOIkQ0kPbcsola5d4fF9Q5Bg:1waETU:D9nlctb1Mz6HCz6qH7mGi-UlrAdIrB3ZpOeo9voOa9I", "expire_date": "2026-07-02T15:16:12.424Z"}}, {"model": "sessions.session", "pk": "o8fk1qlightl15t7c1ylq1eav2x3pg7s", "fields": {"session_data": ".eJxVjDsOwjAQBe_iGlnrfMiakj5niPZnEkCOFCcV4u4QKQW0b2beyw20reOwFVuGSd3FBXf63ZjkYXkHeqd8m73MeV0m9rviD1p8P6s9r4f7dzBSGb91TGqkiElZmoYtaoUo1kFINShSGyKkWANLYoTOIkQ0kPbcsola5d4fF9Q5Bg:1uEr7C:R7k2ngPdH91C0f3E_LujCM-15ioYPW72_Y2MUN8FPo0", "expire_date": "2025-05-27T15:00:18.957Z"}}, {"model": "sessions.session", "pk": "s45hju8hu1z68zxeb3ll88cdxnkgxx5m", "fields": {"session_data": ".eJxVjDsOwjAQBe_iGlnrfMiakj5niPZnEkCOFCcV4u4QKQW0b2beyw20reOwFVuGSd3FBXf63ZjkYXkHeqd8m73MeV0m9rviD1p8P6s9r4f7dzBSGb91TGqkiElZmoYtaoUo1kFINShSGyKkWANLYoTOIkQ0kPbcsola5d4fF9Q5Bg:1uDhYD:3FxUF4Y1_eYNmKPahtWK7VlOXVXHmYD6C5sJrXKByUY", "expire_date": "2025-05-24T10:35:25.994Z"}}, {"model": "connect_hub.connection", "pk": 1, "fields": {"created_at": "2025-05-02T18:19:56.589Z", "updated_at": null, "provider": 1, "status": 1}}, {"model": "connect_hub.connection", "pk": 2, "fields": {"created_at": "2025-05-02T18:21:20.166Z", "updated_at": null, "provider": 4, "status": 1}}, {"model": "connect_hub.connection", "pk": 3, "fields": {"created_at": "2025-05-02T18:24:37.358Z", "updated_at": null, "provider": 4, "status": 1}}, {"model": "connect_hub.connection", "pk": 4, "fields": {"created_at": "2025-05-02T18:45:37.250Z", "updated_at": "2025-05-02T19:33:08.027Z", "provider": 4, "status": 2}}, {"model": "connect_hub.connection", "pk": 5, "fields": {"created_at": "2025-05-02T19:05:46.748Z", "updated_at": "2025-05-04T20:38:41.491Z", "provider": 4, "status": 2}}, {"model": "connect_hub.connection", "pk": 6, "fields": {"created_at": "2025-05-04T20:46:57.188Z", "updated_at": null, "provider": 1, "status": 1}}, {"model": "connect_hub.connection", "pk": 7, "fields": {"created_at": "2025-05-04T20:58:16.919Z", "updated_at": null, "provider": 1, "status": 1}}, {"model": "connect_hub.connection", "pk": 8, "fields": {"created_at": "2025-05-13T15:17:22.726Z", "updated_at": null, "provider": 1, "status": 1}}, {"model": "connect_hub.connection", "pk": 9, "fields": {"created_at": "2025-05-13T15:18:27.558Z", "updated_at": null, "provider": 1, "status": 1}}, {"model": "connect_hub.connection", "pk": 10, "fields": {"created_at": "2025-05-13T15:21:17.947Z", "updated_at": null, "provider": 1, "status": 1}}, {"model": "connect_hub.connection", "pk": 11, "fields": {"created_at": "2025-05-13T15:22:15.689Z", "updated_at": null, "provider": 1, "status": 1}}, {"model": "connect_hub.connection", "pk": 12, "fields": {"created_at": "2025-05-13T15:23:26.402Z", "updated_at": null, "provider": 1, "status": 1}}, {"model": "connect_hub.connection", "pk": 13, "fields": {"created_at": "2025-05-13T15:26:01.658Z", "updated_at": null, "provider": 1, "status": 1}}, {"model": "connect_hub.connection", "pk": 14, "fields": {"created_at": "2025-05-13T15:34:29.209Z", "updated_at": null, "provider": 1, "status": 1}}, {"model": "connect_hub.connection", "pk": 15, "fields": {"created_at": "2025-05-13T15:35:06.134Z", "updated_at": null, "provider": 1, "status": 1}}, {"model": "connect_hub.connection", "pk": 16, "fields": {"created_at": "2025-05-13T15:49:01.632Z", "updated_at": null, "provider": 1, "status": 1}}, {"model": "connect_hub.connection", "pk": 17, "fields": {"created_at": "2025-05-13T15:56:03.805Z", "updated_at": null, "provider": 1, "status": 1}}, {"model": "connect_hub.connection", "pk": 18, "fields": {"created_at": "2025-05-13T15:58:13.546Z", "updated_at": null, "provider": 1, "status": 1}}, {"model": "connect_hub.connection", "pk": 19, "fields": {"created_at": "2025-05-13T16:15:58.839Z", "updated_at": null, "provider": 1, "status": 1}}, {"model": "connect_hub.connection", "pk": 20, "fields": {"created_at": "2025-05-13T16:23:07.036Z", "updated_at": null, "provider": 1, "status": 1}}, {"model": "connect_hub.connection", "pk": 21, "fields": {"created_at": "2025-05-13T16:32:15.304Z", "updated_at": null, "provider": 1, "status": 1}}, {"model": "connect_hub.connection", "pk": 22, "fields": {"created_at": "2025-05-13T16:33:33.369Z", "updated_at": null, "provider": 1, "status": 2}}, {"model": "connect_hub.connection", "pk": 23, "fields": {"created_at": "2025-05-13T19:18:56.147Z", "updated_at": null, "provider": 4, "status": 1}}, {"model": "connect_hub.connection", "pk": 24, "fields": {"created_at": "2025-05-13T19:25:20.783Z", "updated_at": null, "provider": 4, "status": 1}}, {"model": "connect_hub.connection", "pk": 25, "fields": {"created_at": "2025-05-17T09:18:13.553Z", "updated_at": null, "provider": 1, "status": 1}}, {"model": "connect_hub.connection", "pk": 26, "fields": {"created_at": "2025-05-13T19:27:16.477Z", "updated_at": null, "provider": 4, "status": 1}}, {"model": "connect_hub.connection", "pk": 27, "fields": {"created_at": "2025-05-13T19:30:43.978Z", "updated_at": null, "provider": 4, "status": 1}}, {"model": "connect_hub.connection", "pk": 28, "fields": {"created_at": "2025-05-13T19:35:49.727Z", "updated_at": null, "provider": 4, "status": 2}}, {"model": "connect_hub.connectionhistory", "pk": 1, "fields": {"date": "2025-05-02T18:45:37.252Z", "user": 2, "status": 1, "connection": 4}}, {"model": "connect_hub.connectionhistory", "pk": 2, "fields": {"date": "2025-05-02T19:05:46.749Z", "user": 2, "status": 1, "connection": 5}}, {"model": "connect_hub.connectionhistory", "pk": 3, "fields": {"date": "2025-05-02T19:31:37.560Z", "user": 2, "status": 1, "connection": 4}}, {"model": "connect_hub.connectionhistory", "pk": 4, "fields": {"date": "2025-05-02T19:33:08.033Z", "user": 2, "status": 1, "connection": 4}}, {"model": "connect_hub.connectionhistory", "pk": 5, "fields": {"date": "2025-05-02T19:33:08.040Z", "user": 2, "status": 2, "connection": 4}}, {"model": "connect_hub.connectionhistory", "pk": 6, "fields": {"date": "2025-05-02T20:07:21.127Z", "user": 2, "status": 1, "connection": 5}}, {"model": "connect_hub.connectionhistory", "pk": 7, "fields": {"date": "2025-05-02T20:09:45.497Z", "user": 2, "status": 1, "connection": 5}}, {"model": "connect_hub.connectionhistory", "pk": 8, "fields": {"date": "2025-05-02T20:11:57.679Z", "user": 2, "status": 1, "connection": 5}}, {"model": "connect_hub.connectionhistory", "pk": 9, "fields": {"date": "2025-05-02T20:15:42.133Z", "user": 2, "status": 1, "connection": 5}}, {"model": "connect_hub.connectionhistory", "pk": 10, "fields": {"date": "2025-05-02T20:15:49.927Z", "user": 2, "status": 1, "connection": 5}}, {"model": "connect_hub.connectionhistory", "pk": 11, "fields": {"date": "2025-05-02T20:15:49.932Z", "user": 2, "status": 2, "connection": 5}}, {"model": "connect_hub.connectionhistory", "pk": 12, "fields": {"date": "2025-05-02T20:15:59.498Z", "user": 2, "status": 2, "connection": 5}}, {"model": "connect_hub.connectionhistory", "pk": 13, "fields": {"date": "2025-05-02T20:31:50.107Z", "user": 2, "status": 2, "connection": 5}}, {"model": "connect_hub.connectionhistory", "pk": 14, "fields": {"date": "2025-05-02T20:31:54.432Z", "user": 2, "status": 2, "connection": 5}}, {"model": "connect_hub.connectionhistory", "pk": 15, "fields": {"date": "2025-05-04T20:38:41.496Z", "user": 2, "status": 2, "connection": 5}}, {"model": "connect_hub.connectionhistory", "pk": 16, "fields": {"date": "2025-05-04T20:46:57.190Z", "user": 3, "status": 1, "connection": 6}}, {"model": "connect_hub.connectionhistory", "pk": 17, "fields": {"date": "2025-05-04T20:58:16.921Z", "user": 3, "status": 1, "connection": 7}}, {"model": "connect_hub.connectionhistory", "pk": 18, "fields": {"date": "2025-05-13T15:22:15.691Z", "user": 4, "status": 1, "connection": 11}}, {"model": "connect_hub.connectionhistory", "pk": 19, "fields": {"date": "2025-05-13T15:23:26.403Z", "user": 4, "status": 1, "connection": 12}}, {"model": "connect_hub.connectionhistory", "pk": 20, "fields": {"date": "2025-05-13T15:26:01.660Z", "user": 4, "status": 1, "connection": 13}}, {"model": "connect_hub.connectionhistory", "pk": 21, "fields": {"date": "2025-05-13T15:34:29.211Z", "user": 4, "status": 1, "connection": 14}}, {"model": "connect_hub.connectionhistory", "pk": 22, "fields": {"date": "2025-05-13T15:35:06.136Z", "user": 4, "status": 1, "connection": 15}}, {"model": "connect_hub.connectionhistory", "pk": 23, "fields": {"date": "2025-05-13T15:49:01.633Z", "user": 4, "status": 1, "connection": 16}}, {"model": "connect_hub.connectionhistory", "pk": 24, "fields": {"date": "2025-05-13T15:56:03.806Z", "user": 4, "status": 1, "connection": 17}}, {"model": "connect_hub.connectionhistory", "pk": 25, "fields": {"date": "2025-05-13T15:58:13.547Z", "user": 4, "status": 1, "connection": 18}}, {"model": "connect_hub.connectionhistory", "pk": 26, "fields": {"date": "2025-05-13T16:15:58.840Z", "user": 4, "status": 1, "connection": 19}}, {"model": "connect_hub.connectionhistory", "pk": 27, "fields": {"date": "2025-05-13T16:23:07.038Z", "user": 4, "status": 1, "connection": 20}}, {"model": "connect_hub.connectionhistory", "pk": 28, "fields": {"date": "2025-05-13T16:32:15.308Z", "user": 4, "status": 1, "connection": 21}}, {"model": "connect_hub.connectionhistory", "pk": 29, "fields": {"date": "2025-05-13T16:33:33.371Z", "user": 4, "status": 1, "connection": 22}}, {"model": "connect_hub.connectionhistory", "pk": 30, "fields": {"date": "2025-05-13T19:16:21.695Z", "user": 2, "status": 3, "connection": 22}}, {"model": "connect_hub.connectionhistory", "pk": 31, "fields": {"date": "2025-05-13T19:16:27.754Z", "user": 2, "status": 2, "connection": 22}}, {"model": "connect_hub.connectionhistory", "pk": 32, "fields": {"date": "2025-05-13T19:18:56.148Z", "user": 2, "status": 1, "connection": 23}}, {"model": "connect_hub.connectionhistory", "pk": 33, "fields": {"date": "2025-05-13T19:25:20.784Z", "user": 2, "status": 1, "connection": 24}}, {"model": "connect_hub.connectionhistory", "pk": 34, "fields": {"date": "2025-05-13T19:25:59.957Z", "user": 2, "status": 1, "connection": 25}}, {"model": "connect_hub.connectionhistory", "pk": 35, "fields": {"date": "2025-05-13T19:27:16.478Z", "user": 2, "status": 1, "connection": 26}}, {"model": "connect_hub.connectionhistory", "pk": 36, "fields": {"date": "2025-05-13T19:30:43.980Z", "user": 2, "status": 1, "connection": 27}}, {"model": "connect_hub.connectionhistory", "pk": 37, "fields": {"date": "2025-05-13T19:35:49.729Z", "user": 2, "status": 1, "connection": 28}}, {"model": "connect_hub.connectionhistory", "pk": 38, "fields": {"date": "2025-05-13T19:41:41.603Z", "user": 2, "status": 2, "connection": 28}}, {"model": "connect_hub.connectionhistory", "pk": 41, "fields": {"date": "2025-05-17T09:18:13.584Z", "user": 3, "status": 1, "connection": 25}}, {"model": "connect_hub.organization", "pk": 1, "fields": {"name": "ПАО \"МТС\"", "email": "zakaz@corp-mts.ru", "type": "магистральный провайдер", "phone": "+74993015500"}}, {"model": "connect_hub.organization", "pk": 2, "fields": {"name": "ПАО \"Мегафон\"", "email": "eshop.moscow@megafon-retail.ru", "type": "магистральный провайдер", "phone": "+78005500555"}}, {"model": "connect_hub.organization", "pk": 3, "fields": {"name": "ПАО \"ФСК ЕЭС\"", "email": "client@rossetimr.ru", "type": "электросетевая компания", "phone": "+78002200220"}}, {"model": "connect_hub.organization", "pk": 4, "fields": {"name": "ПАО \"МРСК Центра и Приволжья\"", "email": "client@rossetimr.ru", "type": "электросетевая компания", "phone": "+78002200220"}}, {"model": "connect_hub.pole", "pk": 1, "fields": {"longitude": "56.229383", "latitude": "43.454907", "street": "Привокзальная площадь", "building": 1, "index": "Б", "max_connections": 5, "owner": 4}}, {"model": "connect_hub.pole", "pk": 2, "fields": {"longitude": "56.253712", "latitude": "43.390326", "street": "проспект Свердлова", "building": 17, "index": null, "max_connections": 5, "owner": 4}}, {"model": "connect_hub.pole", "pk": 3, "fields": {"longitude": "56.231500", "latitude": "43.476889", "street": "Попова", "building": 28, "index": null, "max_connections": 5, "owner": 4}}, {"model": "connect_hub.pole", "pk": 7, "fields": {"longitude": "56.230235", "latitude": "43.408972", "street": "Галкина", "building": 3, "index": "", "max_connections": 10, "owner": 3}}, {"model": "connect_hub.pole", "pk": 8, "fields": {"longitude": "56.251735", "latitude": "43.467958", "street": "Чкалова", "building": 48, "index": "Б", "max_connections": 5, "owner": 3}}, {"model": "connect_hub.connectionlinks", "pk": 1, "fields": {"status": null, "pole_a_answer": null, "pole_b_answer": null, "connection": 4, "pole_link": 1}}, {"model": "connect_hub.connectionlinks", "pk": 2, "fields": {"status": null, "pole_a_answer": null, "pole_b_answer": null, "connection": 6, "pole_link": 1}}, {"model": "connect_hub.connectionlinks", "pk": 3, "fields": {"status": null, "pole_a_answer": null, "pole_b_answer": null, "connection": 7, "pole_link": 1}}, {"model": "connect_hub.connectionlinks", "pk": 4, "fields": {"status": null, "pole_a_answer": null, "pole_b_answer": null, "connection": 21, "pole_link": 1}}, {"model": "connect_hub.connectionlinks", "pk": 5, "fields": {"status": null, "pole_a_answer": null, "pole_b_answer": null, "connection": 21, "pole_link": 2}}, {"model": "connect_hub.connectionlinks", "pk": 6, "fields": {"status": 2, "pole_a_answer": true, "pole_b_answer": true, "connection": 22, "pole_link": 1}}, {"model": "connect_hub.connectionlinks", "pk": 7, "fields": {"status": 2, "pole_a_answer": true, "pole_b_answer": true, "connection": 22, "pole_link": 2}}, {"model": "connect_hub.connectionlinks", "pk": 8, "fields": {"status": 1, "pole_a_answer": null, "pole_b_answer": null, "connection": 23, "pole_link": 1}}, {"model": "connect_hub.connectionlinks", "pk": 9, "fields": {"status": 1, "pole_a_answer": null, "pole_b_answer": null, "connection": 23, "pole_link": 2}}, {"model": "connect_hub.connectionlinks", "pk": 10, "fields": {"status": 1, "pole_a_answer": null, "pole_b_answer": null, "connection": 24, "pole_link": 1}}, {"model": "connect_hub.connectionlinks", "pk": 11, "fields": {"status": 1, "pole_a_answer": null, "pole_b_answer": null, "connection": 24, "pole_link": 2}}, {"model": "connect_hub.connectionlinks", "pk": 12, "fields": {"status": 1, "pole_a_answer": null, "pole_b_answer": null, "connection": 25, "pole_link": 1}}, {"model": "connect_hub.connectionlinks", "pk": 13, "fields": {"status": 1, "pole_a_answer": null, "pole_b_answer": null, "connection": 25, "pole_link": 2}}, {"model": "connect_hub.connectionlinks", "pk": 14, "fields": {"status": 1, "pole_a_answer": null, "pole_b_answer": null, "connection": 26, "pole_link": 1}}, {"model": "connect_hub.connectionlinks", "pk": 15, "fields": {"status": 1, "pole_a_answer": null, "pole_b_answer": null, "connection": 26, "pole_link": 2}}, {"model": "connect_hub.connectionlinks", "pk": 16, "fields": {"status": 1, "pole_a_answer": null, "pole_b_answer": null, "connection": 27, "pole_link": 1}}, {"model": "connect_hub.connectionlinks", "pk": 17, "fields": {"status": 1, "pole_a_answer": null, "pole_b_answer": null, "connection": 27, "pole_link": 2}}, {"model": "connect_hub.connectionlinks", "pk": 18, "fields": {"status": 2, "pole_a_answer": true, "pole_b_answer": true, "connection": 28, "pole_link": 1}}, {"model": "connect_hub.connectionlinks", "pk": 19, "fields": {"status": 2, "pole_a_answer": true, "pole_b_answer": true, "connection": 28, "pole_link": 2}}, {"model": "connect_hub.connectionlinks", "pk": 23, "fields": {"status": 1, "pole_a_answer": null, "pole_b_answer": null, "connection": 25, "pole_link": 6}}, {"model": "connect_hub.polelink", "pk": 1, "fields": {"length": "1.44", "pole_a": 1, "pole_b": 2}}, {"model": "connect_hub.polelink", "pk": 2, "fields": {"length": "11.50", "pole_a": 2, "pole_b": 3}}, {"model": "connect_hub.polelink", "pk": 3, "fields": {"length": "5.50", "pole_a": 1, "pole_b": 3}}, {"model": "connect_hub.polelink", "pk": 4, "fields": {"length": "20.30", "pole_a": 2, "pole_b": 7}}, {"model": "connect_hub.polelink", "pk": 5, "fields": {"length": "20.30", "pole_a": 3, "pole_b": 7}}, {"model": "connect_hub.polelink", "pk": 6, "fields": {"length": "11.50", "pole_a": 3, "pole_b": 8}}, {"model": "connect_hub.polelink", "pk": 7, "fields": {"length": "20.30", "pole_a": 2, "pole_b": 8}}, {"model": "connect_hub.status", "pk": 1, "fields": {"name": "в рассмотрении"}}, {"model": "connect_hub.status", "pk": 2, "fields": {"name": "одобрено"}}, {"model": "connect_hub.status", "pk": 3, "fields": {"name": "отклонено"}}, {"model": "connect_hub.userinformation", "pk": 2, "fields": {"user": 2, "surname": "Чичурин", "name": "Михаил", "phone_num": "+79103915817", "type": "электросетевая компания", "accept_status": "Принято", "organization": 4}}, {"model": "connect_hub.userinformation", "pk": 3, "fields": {"user": 3, "surname": "Флипчартович", "name": "Вадим", "phone_num": "+79867562336", "type": "магистральный провайдер", "accept_status": "Принято", "organization": 1}}, {"model": "connect_hub.userinformation", "pk": 4, "fields": {"user": 4, "surname": "Мистер", "name": "Олег", "phone_num": "+79103994582", "type": "магистральный провайдер", "accept_status": "Принято", "organization": 1}}, {"model": "connect_hub.userinformation", "pk": 5, "fields": {"user": 14, "surname": "Андрианов", "name": "Александр", "phone_num": "+79998008080", "type": "электросетевая компания", "accept_status": "Принято", "organization": 3}}, {"model": "connect_hub.userinformation", "pk": 6, "fields": {"user": 18, "surname": "Балашов", "name": "Иван", "phone_num": "+79103994582", "type": "магистральный провайдер", "accept_status": "Ожидание", "organization": 1}}, {"model": "connect_hub.userinformation", "pk": 7, "fields": {"user": 19, "surname": "oleg", "name": "oleg", "phone_num": "+79103333333", "type": "магистральный провайдер", "accept_status": "Принято", "organization": 1}}, {"model": "connect_hub.contacts", "pk": 1, "fields": {"city": "Нижний Новгород", "street": "Зеленодольская", "building": 54, "index": null, "email": "connecthub@gmail.com"}}, {"model": "connect_hub.restorationrequest", "pk": 1, "fields": {"email": "kseniyo.ilicheva7@gmail.com", "date": "2025-04-29T18:09:16.077Z", "status": "Ожидание"}}, {"model": "connect_hub.supportmessage", "pk": 1, "fields": {"message": "ссм", "user": 3, "phone_num": "+7 (986) 756-23-36", "created_at": "2026-05-30T23:58:46.427Z", "is_callback_requested": true}}, {"model": "connect_hub.adminpolemessage", "pk": 1, "fields": {"pole": 2, "message": "Обнаружено нелегальное подключение", "created_at": "2026-05-31T00:24:06.701Z"}}, {"model": "authtoken.token", "pk": "282afb9194abb08906a68fc22e4f9d785eeaf5bb", "fields": {"user": 16, "created": "2026-06-18T16:42:32.807Z"}}, {"model": "authtoken.token", "pk": "37c738a9e234ed57c94da38dbcf70afd3a1693de", "fields": {"user": 3, "created": "2025-05-02T20:37:59.343Z"}}, {"model": "authtoken.token", "pk": "81060ee2e252ed782d31c66615dd65a3a3995538", "fields": {"user": 4, "created": "2025-05-13T13:28:12.683Z"}}, {"model": "authtoken.token", "pk": "8ea74f02e13aca1bc777a682767ebe85c013c322", "fields": {"user": 2, "created": "2025-05-04T20:31:21.063Z"}}, {"model": "authtoken.token", "pk": "a2ef7cc45b2550ba9539caca159e861a83400a87", "fields": {"user": 18, "created": "2025-05-18T20:00:31.488Z"}}, {"model": "authtoken.token", "pk": "ab9ed270c395f4f1086b0fd815082ffed37ae53a", "fields": {"user": 1, "created": "2025-05-15T12:03:00.534Z"}}, {"model": "authtoken.token", "pk": "f68e86c87384ccf85f8ac88e48507f8d78091ee5", "fields": {"user": 15, "created": "2026-06-18T16:39:44.793Z"}}]